chr,start,end
Chr01,640000,650000
Chr01,840000,850000
Chr01,1250000,1260000
Chr01,1790000,1800000
Chr01,2370000,2380000
Chr01,2450000,2460000
Chr01,2880000,2890000
Chr01,2900000,2910000
Chr01,2910000,2920000
Chr01,4010000,4020000
Chr01,4020000,4030000
Chr01,4410000,4420000
Chr01,4510000,4520000
Chr01,4560000,4570000
Chr01,4570000,4580000
Chr01,4750000,4760000
Chr01,4770000,4780000
Chr01,4890000,4900000
Chr01,4900000,4910000
Chr01,5080000,5090000
Chr01,5090000,5100000
Chr01,5150000,5160000
Chr01,5600000,5610000
Chr01,6140000,6150000
Chr01,6260000,6270000
Chr01,6800000,6810000
Chr01,6820000,6830000
Chr01,6920000,6930000
Chr01,7150000,7160000
Chr01,8010000,8020000
Chr01,8070000,8080000
Chr01,8220000,8230000
Chr01,8230000,8240000
Chr01,8240000,8250000
Chr01,8250000,8260000
Chr01,8300000,8310000
Chr01,8400000,8410000
Chr01,8420000,8430000
Chr01,8750000,8760000
Chr01,9030000,9040000
Chr01,9050000,9060000
Chr01,9110000,9120000
Chr01,9120000,9130000
Chr01,9130000,9140000
Chr01,9290000,9300000
Chr01,9320000,9330000
Chr01,9360000,9370000
Chr01,9370000,9380000
Chr01,9380000,9390000
Chr01,9390000,9400000
Chr01,9850000,9860000
Chr01,9860000,9870000
Chr01,10500000,10510000
Chr01,10780000,10790000
Chr01,10980000,10990000
Chr01,10990000,11000000
Chr01,11040000,11050000
Chr01,11060000,11070000
Chr01,11070000,11080000
Chr01,11090000,11100000
Chr01,11190000,11200000
Chr01,11830000,11840000
Chr01,13580000,13590000
Chr01,13650000,13660000
Chr01,13670000,13680000
Chr01,13680000,13690000
Chr01,13700000,13710000
Chr01,13710000,13720000
Chr01,13720000,13730000
Chr01,13730000,13740000
Chr01,13750000,13760000
Chr01,13760000,13770000
Chr01,13930000,13940000
Chr01,14450000,14460000
Chr01,14470000,14480000
Chr01,14480000,14490000
Chr01,14490000,14500000
Chr01,14500000,14510000
Chr01,14590000,14600000
Chr01,14600000,14610000
Chr01,14610000,14620000
Chr01,14620000,14630000
Chr01,14630000,14640000
Chr01,15370000,15380000
Chr01,16230000,16240000
Chr01,16610000,16620000
Chr01,16640000,16650000
Chr01,17880000,17890000
Chr01,17890000,17900000
Chr01,18830000,18840000
Chr01,18900000,18910000
Chr01,19360000,19370000
Chr01,19850000,19860000
Chr01,20060000,20070000
Chr01,20070000,20080000
Chr01,20090000,20100000
Chr01,20130000,20140000
Chr01,20980000,20990000
Chr01,20990000,21000000
Chr01,21960000,21970000
Chr01,22400000,22410000
Chr01,22930000,22940000
Chr01,24020000,24030000
Chr01,26980000,26990000
Chr01,27040000,27050000
Chr01,27170000,27180000
Chr01,27560000,27570000
Chr01,27600000,27610000
Chr01,27670000,27680000
Chr01,28290000,28300000
Chr01,28550000,28560000
Chr01,28560000,28570000
Chr01,28590000,28600000
Chr01,28600000,28610000
Chr01,29320000,29330000
Chr01,30260000,30270000
Chr01,30690000,30700000
Chr01,30770000,30780000
Chr01,31070000,31080000
Chr01,31190000,31200000
Chr01,31200000,31210000
Chr01,31360000,31370000
Chr01,31810000,31820000
Chr01,32000000,32010000
Chr01,32510000,32520000
Chr01,32520000,32530000
Chr01,32760000,32770000
Chr01,32920000,32930000
Chr01,32930000,32940000
Chr01,32940000,32950000
Chr01,32950000,32960000
Chr01,33080000,33090000
Chr01,33150000,33160000
Chr01,33210000,33220000
Chr01,33290000,33300000
Chr01,33300000,33310000
Chr01,33400000,33410000
Chr01,33420000,33430000
Chr01,33560000,33570000
Chr01,33580000,33590000
Chr01,33920000,33930000
Chr01,34230000,34240000
Chr01,34370000,34380000
Chr01,35280000,35290000
Chr01,35300000,35310000
Chr01,35310000,35320000
Chr01,35410000,35420000
Chr01,36840000,36850000
Chr01,36850000,36860000
Chr01,37120000,37130000
Chr01,37130000,37140000
Chr01,37710000,37720000
Chr01,38280000,38290000
Chr01,38380000,38390000
Chr01,38390000,38400000
Chr01,39040000,39050000
Chr01,39990000,40000000
Chr01,40010000,40020000
Chr01,40050000,40060000
Chr01,40450000,40460000
Chr01,40500000,40510000
Chr01,40750000,40760000
Chr01,40760000,40770000
Chr01,40770000,40780000
Chr01,40790000,40800000
Chr01,40800000,40810000
Chr01,41240000,41250000
Chr01,41540000,41550000
Chr01,41560000,41570000
Chr01,41570000,41580000
Chr01,41580000,41590000
Chr01,41600000,41610000
Chr01,42660000,42670000
Chr01,42770000,42780000
Chr01,42790000,42800000
Chr01,42800000,42810000
Chr01,42910000,42920000
Chr01,42920000,42930000
Chr01,42930000,42940000
Chr01,42940000,42950000
Chr01,42980000,42990000
Chr01,44250000,44260000
Chr01,44670000,44680000
Chr01,44710000,44720000
Chr01,44720000,44730000
Chr01,44730000,44740000
Chr01,44880000,44890000
Chr01,44900000,44910000
Chr01,45030000,45040000
Chr01,45060000,45070000
Chr01,45120000,45130000
Chr01,45140000,45150000
Chr01,45220000,45230000
Chr01,45360000,45370000
Chr01,45390000,45400000
Chr01,45430000,45440000
Chr01,45440000,45450000
Chr01,45530000,45540000
Chr01,45960000,45970000
Chr01,46500000,46510000
Chr01,46520000,46530000
Chr01,46530000,46540000
Chr01,46540000,46550000
Chr01,46560000,46570000
Chr01,46570000,46580000
Chr01,46690000,46700000
Chr01,46700000,46710000
Chr01,46710000,46720000
Chr01,46720000,46730000
Chr01,46730000,46740000
Chr01,46750000,46760000
Chr01,46900000,46910000
Chr01,46960000,46970000
Chr01,46980000,46990000
Chr01,47040000,47050000
Chr01,47050000,47060000
Chr01,47060000,47070000
Chr01,47080000,47090000
Chr01,47170000,47180000
Chr01,47270000,47280000
Chr01,47280000,47290000
Chr01,47320000,47330000
Chr01,47330000,47340000
Chr01,47820000,47830000
Chr01,47830000,47840000
Chr01,47910000,47920000
Chr01,47920000,47930000
Chr01,47930000,47940000
Chr01,47940000,47950000
Chr01,47950000,47960000
Chr01,48030000,48040000
Chr01,48040000,48050000
Chr01,48050000,48060000
Chr01,48070000,48080000
Chr01,48100000,48110000
Chr01,48120000,48130000
Chr01,48190000,48200000
Chr01,48210000,48220000
Chr01,48340000,48350000
Chr01,48440000,48450000
Chr01,48530000,48540000
Chr01,48590000,48600000
Chr01,48600000,48610000
Chr01,48630000,48640000
Chr01,48640000,48650000
Chr01,48660000,48670000
Chr01,48670000,48680000
Chr01,48680000,48690000
Chr01,48730000,48740000
Chr01,48740000,48750000
Chr01,48790000,48800000
Chr01,48830000,48840000
Chr01,48850000,48860000
Chr01,49180000,49190000
Chr01,49430000,49440000
Chr01,49450000,49460000
Chr01,49650000,49660000
Chr01,49820000,49830000
Chr01,49830000,49840000
Chr01,49840000,49850000
Chr01,49880000,49890000
Chr01,49960000,49970000
Chr01,49970000,49980000
Chr01,50010000,50020000
Chr01,50030000,50040000
Chr01,50040000,50050000
Chr01,50130000,50140000
Chr01,50140000,50150000
Chr01,50280000,50290000
Chr01,50380000,50390000
Chr01,50470000,50480000
Chr01,50510000,50520000
Chr01,50530000,50540000
Chr01,52170000,52180000
Chr01,52410000,52420000
Chr01,54310000,54320000
Chr01,54320000,54330000
Chr01,54370000,54380000
Chr01,54380000,54390000
Chr01,54390000,54400000
Chr01,54600000,54610000
Chr01,55400000,55410000
Chr01,55410000,55420000
Chr01,55580000,55590000
Chr01,55610000,55620000
Chr01,55630000,55640000
Chr01,55660000,55670000
Chr01,55680000,55690000
Chr01,55710000,55720000
Chr01,55770000,55780000
Chr01,55790000,55800000
Chr01,55800000,55810000
Chr01,55810000,55820000
Chr01,55830000,55840000
Chr01,55840000,55850000
Chr01,55850000,55860000
Chr01,55860000,55870000
Chr01,55870000,55880000
Chr01,56020000,56030000
Chr01,56290000,56300000
Chr01,56410000,56420000
Chr01,56660000,56670000
Chr01,56900000,56910000
Chr01,56960000,56970000
Chr01,57000000,57010000
Chr01,57010000,57020000
Chr01,57020000,57030000
Chr02,320000,330000
Chr02,1200000,1210000
Chr02,1210000,1220000
Chr02,2200000,2210000
Chr02,2670000,2680000
Chr02,3200000,3210000
Chr02,3220000,3230000
Chr02,3230000,3240000
Chr02,3240000,3250000
Chr02,4200000,4210000
Chr02,5420000,5430000
Chr02,5700000,5710000
Chr02,8840000,8850000
Chr02,8950000,8960000
Chr02,9090000,9100000
Chr02,9450000,9460000
Chr02,10220000,10230000
Chr02,10230000,10240000
Chr02,10240000,10250000
Chr02,10250000,10260000
Chr02,11690000,11700000
Chr02,12230000,12240000
Chr02,14110000,14120000
Chr02,14130000,14140000
Chr02,21420000,21430000
Chr02,21430000,21440000
Chr02,21440000,21450000
Chr02,21450000,21460000
Chr02,22340000,22350000
Chr02,23440000,23450000
Chr02,24220000,24230000
Chr02,24690000,24700000
Chr02,24930000,24940000
Chr02,25190000,25200000
Chr02,25210000,25220000
Chr02,25220000,25230000
Chr02,26220000,26230000
Chr02,28060000,28070000
Chr02,28070000,28080000
Chr02,28080000,28090000
Chr02,28090000,28100000
Chr02,28280000,28290000
Chr02,28330000,28340000
Chr02,28340000,28350000
Chr02,28350000,28360000
Chr02,28360000,28370000
Chr02,28380000,28390000
Chr02,28390000,28400000
Chr02,28530000,28540000
Chr02,28540000,28550000
Chr02,28610000,28620000
Chr02,28650000,28660000
Chr02,28680000,28690000
Chr02,28690000,28700000
Chr02,28700000,28710000
Chr02,28710000,28720000
Chr02,28720000,28730000
Chr02,31670000,31680000
Chr02,31680000,31690000
Chr02,31910000,31920000
Chr02,31930000,31940000
Chr02,32500000,32510000
Chr02,32810000,32820000
Chr02,33310000,33320000
Chr02,37340000,37350000
Chr02,37350000,37360000
Chr02,37730000,37740000
Chr02,37740000,37750000
Chr02,37750000,37760000
Chr02,37760000,37770000
Chr02,37820000,37830000
Chr02,37840000,37850000
Chr02,39140000,39150000
Chr02,39150000,39160000
Chr02,39350000,39360000
Chr02,39360000,39370000
Chr02,39590000,39600000
Chr02,39940000,39950000
Chr02,40000000,40010000
Chr02,40010000,40020000
Chr02,40020000,40030000
Chr02,40030000,40040000
Chr02,40040000,40050000
Chr02,40050000,40060000
Chr02,40060000,40070000
Chr02,40070000,40080000
Chr02,40080000,40090000
Chr02,40100000,40110000
Chr02,40390000,40400000
Chr02,40760000,40770000
Chr02,41370000,41380000
Chr02,41420000,41430000
Chr02,41430000,41440000
Chr02,41440000,41450000
Chr02,41470000,41480000
Chr02,41480000,41490000
Chr02,41500000,41510000
Chr02,41510000,41520000
Chr02,41540000,41550000
Chr02,41550000,41560000
Chr02,41560000,41570000
Chr02,41590000,41600000
Chr02,41600000,41610000
Chr02,41610000,41620000
Chr02,41660000,41670000
Chr02,41670000,41680000
Chr02,41680000,41690000
Chr02,41690000,41700000
Chr02,41700000,41710000
Chr02,41710000,41720000
Chr02,41720000,41730000
Chr02,41730000,41740000
Chr02,41740000,41750000
Chr02,41750000,41760000
Chr02,41770000,41780000
Chr02,41790000,41800000
Chr02,41800000,41810000
Chr02,41820000,41830000
Chr02,41830000,41840000
Chr02,41840000,41850000
Chr02,41850000,41860000
Chr02,41860000,41870000
Chr02,41870000,41880000
Chr02,41890000,41900000
Chr02,41900000,41910000
Chr02,41910000,41920000
Chr02,41920000,41930000
Chr02,41930000,41940000
Chr02,41940000,41950000
Chr02,41950000,41960000
Chr02,41970000,41980000
Chr02,41980000,41990000
Chr02,42000000,42010000
Chr02,42010000,42020000
Chr02,42020000,42030000
Chr02,42030000,42040000
Chr02,42040000,42050000
Chr02,42050000,42060000
Chr02,42060000,42070000
Chr02,42070000,42080000
Chr02,42080000,42090000
Chr02,42100000,42110000
Chr02,42110000,42120000
Chr02,42120000,42130000
Chr02,42130000,42140000
Chr02,42140000,42150000
Chr02,42150000,42160000
Chr02,42160000,42170000
Chr02,42170000,42180000
Chr02,42180000,42190000
Chr02,42190000,42200000
Chr02,42250000,42260000
Chr02,42260000,42270000
Chr02,42290000,42300000
Chr02,42310000,42320000
Chr02,42360000,42370000
Chr02,42370000,42380000
Chr02,42390000,42400000
Chr02,42400000,42410000
Chr02,42410000,42420000
Chr02,42420000,42430000
Chr02,42430000,42440000
Chr02,42440000,42450000
Chr02,42450000,42460000
Chr02,42470000,42480000
Chr02,42510000,42520000
Chr02,42520000,42530000
Chr02,42530000,42540000
Chr02,42540000,42550000
Chr02,42550000,42560000
Chr02,42560000,42570000
Chr02,42570000,42580000
Chr02,42580000,42590000
Chr02,42620000,42630000
Chr02,42640000,42650000
Chr02,42670000,42680000
Chr02,42680000,42690000
Chr02,42690000,42700000
Chr02,42700000,42710000
Chr02,42720000,42730000
Chr02,42730000,42740000
Chr02,42750000,42760000
Chr02,42770000,42780000
Chr02,42800000,42810000
Chr02,42810000,42820000
Chr02,42820000,42830000
Chr02,42830000,42840000
Chr02,42840000,42850000
Chr02,42850000,42860000
Chr02,42860000,42870000
Chr02,42870000,42880000
Chr02,42880000,42890000
Chr02,42890000,42900000
Chr02,42910000,42920000
Chr02,42950000,42960000
Chr02,42960000,42970000
Chr02,42970000,42980000
Chr02,42980000,42990000
Chr02,42990000,43000000
Chr02,43000000,43010000
Chr02,43010000,43020000
Chr02,43030000,43040000
Chr02,43040000,43050000
Chr02,43060000,43070000
Chr02,43070000,43080000
Chr02,43090000,43100000
Chr02,43100000,43110000
Chr02,43120000,43130000
Chr02,43130000,43140000
Chr02,43140000,43150000
Chr02,43150000,43160000
Chr02,43160000,43170000
Chr02,43170000,43180000
Chr02,43180000,43190000
Chr02,43190000,43200000
Chr02,43200000,43210000
Chr02,43210000,43220000
Chr02,43220000,43230000
Chr02,43230000,43240000
Chr02,43240000,43250000
Chr02,43250000,43260000
Chr02,43260000,43270000
Chr02,43270000,43280000
Chr02,43280000,43290000
Chr02,43290000,43300000
Chr02,43300000,43310000
Chr02,43310000,43320000
Chr02,43320000,43330000
Chr02,43330000,43340000
Chr02,43340000,43350000
Chr02,43460000,43470000
Chr02,43480000,43490000
Chr02,43490000,43500000
Chr02,43740000,43750000
Chr02,44100000,44110000
Chr02,44240000,44250000
Chr02,45060000,45070000
Chr02,45160000,45170000
Chr02,45170000,45180000
Chr02,45220000,45230000
Chr02,45230000,45240000
Chr02,45320000,45330000
Chr02,46330000,46340000
Chr02,46340000,46350000
Chr02,46630000,46640000
Chr02,46640000,46650000
Chr02,46650000,46660000
Chr02,47360000,47370000
Chr02,47410000,47420000
Chr02,47480000,47490000
Chr02,49040000,49050000
Chr02,49050000,49060000
Chr02,49060000,49070000
Chr02,49070000,49080000
Chr02,49980000,49990000
Chr02,50000000,50010000
Chr02,51090000,51100000
Chr02,52320000,52330000
Chr02,52770000,52780000
Chr03,1550000,1560000
Chr03,1560000,1570000
Chr03,1570000,1580000
Chr03,1580000,1590000
Chr03,1600000,1610000
Chr03,3810000,3820000
Chr03,4670000,4680000
Chr03,5110000,5120000
Chr03,6020000,6030000
Chr03,7580000,7590000
Chr03,8400000,8410000
Chr03,8750000,8760000
Chr03,9230000,9240000
Chr03,10370000,10380000
Chr03,10710000,10720000
Chr03,10960000,10970000
Chr03,10970000,10980000
Chr03,11450000,11460000
Chr03,12180000,12190000
Chr03,12570000,12580000
Chr03,15760000,15770000
Chr03,15770000,15780000
Chr03,16940000,16950000
Chr03,16950000,16960000
Chr03,16960000,16970000
Chr03,18600000,18610000
Chr03,19480000,19490000
Chr03,20380000,20390000
Chr03,20400000,20410000
Chr03,20420000,20430000
Chr03,20430000,20440000
Chr03,20480000,20490000
Chr03,20560000,20570000
Chr03,20770000,20780000
Chr03,20830000,20840000
Chr03,20840000,20850000
Chr03,20850000,20860000
Chr03,20860000,20870000
Chr03,20910000,20920000
Chr03,20920000,20930000
Chr03,20930000,20940000
Chr03,20960000,20970000
Chr03,21020000,21030000
Chr03,21040000,21050000
Chr03,21060000,21070000
Chr03,21070000,21080000
Chr03,21080000,21090000
Chr03,21100000,21110000
Chr03,21110000,21120000
Chr03,21660000,21670000
Chr03,21980000,21990000
Chr03,22030000,22040000
Chr03,22070000,22080000
Chr03,22380000,22390000
Chr03,22690000,22700000
Chr03,24870000,24880000
Chr03,26110000,26120000
Chr03,26120000,26130000
Chr03,26520000,26530000
Chr03,27470000,27480000
Chr03,28400000,28410000
Chr03,28410000,28420000
Chr03,29180000,29190000
Chr03,29210000,29220000
Chr03,29360000,29370000
Chr03,30690000,30700000
Chr03,30870000,30880000
Chr03,32100000,32110000
Chr03,32110000,32120000
Chr03,32120000,32130000
Chr03,32130000,32140000
Chr03,32830000,32840000
Chr03,34240000,34250000
Chr03,34250000,34260000
Chr03,34260000,34270000
Chr03,34270000,34280000
Chr03,34300000,34310000
Chr03,34310000,34320000
Chr03,34330000,34340000
Chr03,34340000,34350000
Chr03,34350000,34360000
Chr03,34360000,34370000
Chr03,34640000,34650000
Chr03,34670000,34680000
Chr03,34680000,34690000
Chr03,36110000,36120000
Chr03,36190000,36200000
Chr03,38420000,38430000
Chr03,38430000,38440000
Chr03,38650000,38660000
Chr03,38800000,38810000
Chr03,38810000,38820000
Chr03,38820000,38830000
Chr03,38850000,38860000
Chr03,38880000,38890000
Chr03,38930000,38940000
Chr03,38950000,38960000
Chr03,38960000,38970000
Chr03,38970000,38980000
Chr03,38980000,38990000
Chr03,38990000,39000000
Chr03,39230000,39240000
Chr03,39290000,39300000
Chr03,39300000,39310000
Chr03,39460000,39470000
Chr03,39470000,39480000
Chr03,39480000,39490000
Chr03,39490000,39500000
Chr03,39500000,39510000
Chr03,39510000,39520000
Chr03,39520000,39530000
Chr03,39530000,39540000
Chr03,39540000,39550000
Chr03,39560000,39570000
Chr03,39570000,39580000
Chr03,39580000,39590000
Chr03,39610000,39620000
Chr03,39630000,39640000
Chr03,39670000,39680000
Chr03,41450000,41460000
Chr03,42510000,42520000
Chr03,42520000,42530000
Chr03,43110000,43120000
Chr03,43220000,43230000
Chr03,43610000,43620000
Chr03,43620000,43630000
Chr03,43630000,43640000
Chr03,43720000,43730000
Chr03,44710000,44720000
Chr05,1190000,1200000
Chr05,1510000,1520000
Chr05,2930000,2940000
Chr05,3110000,3120000
Chr05,5220000,5230000
Chr05,5320000,5330000
Chr05,5340000,5350000
Chr05,6130000,6140000
Chr05,6600000,6610000
Chr05,7430000,7440000
Chr05,7970000,7980000
Chr05,8280000,8290000
Chr05,8460000,8470000
Chr05,8490000,8500000
Chr05,8550000,8560000
Chr05,8600000,8610000
Chr05,9170000,9180000
Chr05,9180000,9190000
Chr05,9190000,9200000
Chr05,9200000,9210000
Chr05,9370000,9380000
Chr05,9610000,9620000
Chr05,9630000,9640000
Chr05,9640000,9650000
Chr05,9660000,9670000
Chr05,9790000,9800000
Chr05,9900000,9910000
Chr05,9930000,9940000
Chr05,10150000,10160000
Chr05,10160000,10170000
Chr05,10200000,10210000
Chr05,10670000,10680000
Chr05,11110000,11120000
Chr05,11120000,11130000
Chr05,11130000,11140000
Chr05,11150000,11160000
Chr05,11160000,11170000
Chr05,11630000,11640000
Chr05,11650000,11660000
Chr05,11680000,11690000
Chr05,11700000,11710000
Chr05,11710000,11720000
Chr05,11720000,11730000
Chr05,11730000,11740000
Chr05,14010000,14020000
Chr05,14160000,14170000
Chr05,14190000,14200000
Chr05,14210000,14220000
Chr05,14230000,14240000
Chr05,14310000,14320000
Chr05,14440000,14450000
Chr05,14770000,14780000
Chr05,14980000,14990000
Chr05,15520000,15530000
Chr05,15720000,15730000
Chr05,15770000,15780000
Chr05,15780000,15790000
Chr05,16190000,16200000
Chr05,16200000,16210000
Chr05,16210000,16220000
Chr05,16360000,16370000
Chr05,16370000,16380000
Chr05,16480000,16490000
Chr05,19060000,19070000
Chr05,19080000,19090000
Chr05,19170000,19180000
Chr05,19430000,19440000
Chr05,19850000,19860000
Chr05,19860000,19870000
Chr05,19870000,19880000
Chr05,19880000,19890000
Chr05,20020000,20030000
Chr05,20040000,20050000
Chr05,21420000,21430000
Chr05,21690000,21700000
Chr05,23020000,23030000
Chr05,24230000,24240000
Chr05,24240000,24250000
Chr05,24600000,24610000
Chr05,24610000,24620000
Chr05,24630000,24640000
Chr05,24880000,24890000
Chr05,25000000,25010000
Chr05,25310000,25320000
Chr05,25930000,25940000
Chr05,25980000,25990000
Chr05,26040000,26050000
Chr05,26180000,26190000
Chr05,26330000,26340000
Chr05,26880000,26890000
Chr05,27600000,27610000
Chr05,27610000,27620000
Chr05,27630000,27640000
Chr05,27640000,27650000
Chr05,27650000,27660000
Chr05,27840000,27850000
Chr05,27970000,27980000
Chr05,29040000,29050000
Chr05,29050000,29060000
Chr05,29060000,29070000
Chr05,29070000,29080000
Chr05,29140000,29150000
Chr05,30040000,30050000
Chr05,30130000,30140000
Chr05,30190000,30200000
Chr05,30290000,30300000
Chr05,30300000,30310000
Chr05,32760000,32770000
Chr05,33850000,33860000
Chr05,33890000,33900000
Chr05,34430000,34440000
Chr05,34460000,34470000
Chr05,34490000,34500000
Chr05,34500000,34510000
Chr05,34510000,34520000
Chr05,34520000,34530000
Chr05,34530000,34540000
Chr05,34550000,34560000
Chr05,34580000,34590000
Chr05,34590000,34600000
Chr05,34600000,34610000
Chr05,34620000,34630000
Chr05,34630000,34640000
Chr05,34640000,34650000
Chr05,34650000,34660000
Chr05,34700000,34710000
Chr05,34740000,34750000
Chr05,34750000,34760000
Chr05,34770000,34780000
Chr05,36490000,36500000
Chr05,36500000,36510000
Chr05,38010000,38020000
Chr05,38480000,38490000
Chr05,38630000,38640000
Chr05,38640000,38650000
Chr05,38730000,38740000
Chr05,39190000,39200000
Chr05,39200000,39210000
Chr05,41070000,41080000
Chr05,41920000,41930000
Chr05,41930000,41940000
Chr05,41940000,41950000
Chr05,41950000,41960000
Chr05,42230000,42240000
Chr05,42750000,42760000
Chr05,42860000,42870000
Chr05,42900000,42910000
Chr05,42910000,42920000
Chr05,42930000,42940000
Chr05,42940000,42950000
Chr05,42960000,42970000
Chr05,42970000,42980000
Chr05,43320000,43330000
Chr05,43480000,43490000
Chr06,2820000,2830000
Chr06,2850000,2860000
Chr06,5560000,5570000
Chr06,6550000,6560000
Chr06,7060000,7070000
Chr06,7160000,7170000
Chr06,10930000,10940000
Chr06,13970000,13980000
Chr06,15080000,15090000
Chr06,15970000,15980000
Chr06,16600000,16610000
Chr06,19190000,19200000
Chr06,19980000,19990000
Chr06,20510000,20520000
Chr06,20890000,20900000
Chr06,21150000,21160000
Chr06,22110000,22120000
Chr06,22120000,22130000
Chr06,22920000,22930000
Chr06,22930000,22940000
Chr06,23680000,23690000
Chr06,23690000,23700000
Chr06,26130000,26140000
Chr06,26870000,26880000
Chr06,26880000,26890000
Chr06,27650000,27660000
Chr06,27910000,27920000
Chr06,27920000,27930000
Chr06,27930000,27940000
Chr06,28000000,28010000
Chr06,28150000,28160000
Chr06,28850000,28860000
Chr06,30950000,30960000
Chr06,30960000,30970000
Chr06,31180000,31190000
Chr06,31410000,31420000
Chr06,31560000,31570000
Chr06,32520000,32530000
Chr06,34470000,34480000
Chr06,34480000,34490000
Chr06,34900000,34910000
Chr06,36020000,36030000
Chr06,36810000,36820000
Chr06,39580000,39590000
Chr06,39600000,39610000
Chr06,39870000,39880000
Chr06,40230000,40240000
Chr06,40730000,40740000
Chr06,40750000,40760000
Chr06,40790000,40800000
Chr06,40830000,40840000
Chr06,40840000,40850000
Chr06,41780000,41790000
Chr07,840000,850000
Chr07,860000,870000
Chr07,900000,910000
Chr07,910000,920000
Chr07,920000,930000
Chr07,930000,940000
Chr07,940000,950000
Chr07,950000,960000
Chr07,960000,970000
Chr07,2940000,2950000
Chr07,2950000,2960000
Chr07,2980000,2990000
Chr07,2990000,3000000
Chr07,3000000,3010000
Chr07,3010000,3020000
Chr07,3020000,3030000
Chr07,3030000,3040000
Chr07,3040000,3050000
Chr07,3050000,3060000
Chr07,3060000,3070000
Chr07,3070000,3080000
Chr07,3080000,3090000
Chr07,3090000,3100000
Chr07,3100000,3110000
Chr07,3110000,3120000
Chr07,3120000,3130000
Chr07,3130000,3140000
Chr07,3140000,3150000
Chr07,3150000,3160000
Chr07,3170000,3180000
Chr07,3180000,3190000
Chr07,3190000,3200000
Chr07,3210000,3220000
Chr07,3230000,3240000
Chr07,3310000,3320000
Chr07,3320000,3330000
Chr07,3340000,3350000
Chr07,3360000,3370000
Chr07,3370000,3380000
Chr07,3380000,3390000
Chr07,3390000,3400000
Chr07,3400000,3410000
Chr07,3410000,3420000
Chr07,3420000,3430000
Chr07,3430000,3440000
Chr07,3440000,3450000
Chr07,3450000,3460000
Chr07,3500000,3510000
Chr07,3540000,3550000
Chr07,3560000,3570000
Chr07,3590000,3600000
Chr07,3630000,3640000
Chr07,3680000,3690000
Chr07,3690000,3700000
Chr07,3700000,3710000
Chr07,3710000,3720000
Chr07,3720000,3730000
Chr07,3730000,3740000
Chr07,3780000,3790000
Chr07,3970000,3980000
Chr07,4240000,4250000
Chr07,4610000,4620000
Chr07,5170000,5180000
Chr07,5730000,5740000
Chr07,5760000,5770000
Chr07,6980000,6990000
Chr07,7670000,7680000
Chr07,7710000,7720000
Chr07,7760000,7770000
Chr07,7770000,7780000
Chr07,7780000,7790000
Chr07,7790000,7800000
Chr07,7800000,7810000
Chr07,7810000,7820000
Chr07,7830000,7840000
Chr07,7840000,7850000
Chr07,7850000,7860000
Chr07,7870000,7880000
Chr07,7940000,7950000
Chr07,7950000,7960000
Chr07,7960000,7970000
Chr07,7970000,7980000
Chr07,7990000,8000000
Chr07,8010000,8020000
Chr07,8020000,8030000
Chr07,8030000,8040000
Chr07,8240000,8250000
Chr07,8280000,8290000
Chr07,8420000,8430000
Chr07,8470000,8480000
Chr07,8750000,8760000
Chr07,9650000,9660000
Chr07,10210000,10220000
Chr07,10230000,10240000
Chr07,10240000,10250000
Chr07,10340000,10350000
Chr07,10360000,10370000
Chr07,10390000,10400000
Chr07,10730000,10740000
Chr07,10770000,10780000
Chr07,10900000,10910000
Chr07,10980000,10990000
Chr07,11050000,11060000
Chr07,11800000,11810000
Chr07,11970000,11980000
Chr07,12100000,12110000
Chr07,12270000,12280000
Chr07,12360000,12370000
Chr07,13530000,13540000
Chr07,13570000,13580000
Chr07,13580000,13590000
Chr07,13600000,13610000
Chr07,13960000,13970000
Chr07,13970000,13980000
Chr07,14410000,14420000
Chr07,14470000,14480000
Chr07,14490000,14500000
Chr07,14500000,14510000
Chr07,14510000,14520000
Chr07,14520000,14530000
Chr07,14530000,14540000
Chr07,14540000,14550000
Chr07,14550000,14560000
Chr07,14560000,14570000
Chr07,14570000,14580000
Chr07,14580000,14590000
Chr07,14590000,14600000
Chr07,14600000,14610000
Chr07,14610000,14620000
Chr07,14640000,14650000
Chr07,14650000,14660000
Chr07,14660000,14670000
Chr07,14670000,14680000
Chr07,14680000,14690000
Chr07,14690000,14700000
Chr07,14700000,14710000
Chr07,14940000,14950000
Chr07,15830000,15840000
Chr07,15840000,15850000
Chr07,15940000,15950000
Chr07,15950000,15960000
Chr07,15970000,15980000
Chr07,15980000,15990000
Chr07,15990000,16000000
Chr07,16000000,16010000
Chr07,16010000,16020000
Chr07,17120000,17130000
Chr07,17130000,17140000
Chr07,17250000,17260000
Chr07,17590000,17600000
Chr07,17770000,17780000
Chr07,18740000,18750000
Chr07,20240000,20250000
Chr07,20270000,20280000
Chr07,20350000,20360000
Chr07,20370000,20380000
Chr07,20390000,20400000
Chr07,22320000,22330000
Chr07,22490000,22500000
Chr07,22630000,22640000
Chr07,22720000,22730000
Chr07,22730000,22740000
Chr07,22750000,22760000
Chr07,22770000,22780000
Chr07,22780000,22790000
Chr07,23190000,23200000
Chr07,23200000,23210000
Chr07,23210000,23220000
Chr07,23220000,23230000
Chr07,24590000,24600000
Chr07,24820000,24830000
Chr07,24940000,24950000
Chr07,25210000,25220000
Chr07,25220000,25230000
Chr07,25230000,25240000
Chr07,25250000,25260000
Chr07,25870000,25880000
Chr07,27080000,27090000
Chr07,27160000,27170000
Chr07,27190000,27200000
Chr07,27400000,27410000
Chr07,28620000,28630000
Chr07,28790000,28800000
Chr07,28850000,28860000
Chr07,28860000,28870000
Chr07,28870000,28880000
Chr07,28880000,28890000
Chr07,28890000,28900000
Chr07,28910000,28920000
Chr07,30090000,30100000
Chr07,30100000,30110000
Chr07,30110000,30120000
Chr07,30120000,30130000
Chr07,30130000,30140000
Chr07,30140000,30150000
Chr07,30150000,30160000
Chr07,30160000,30170000
Chr07,30170000,30180000
Chr07,30180000,30190000
Chr07,30210000,30220000
Chr07,30320000,30330000
Chr07,30330000,30340000
Chr07,30340000,30350000
Chr07,30460000,30470000
Chr07,30510000,30520000
Chr07,30520000,30530000
Chr07,30530000,30540000
Chr07,30540000,30550000
Chr07,30550000,30560000
Chr07,30560000,30570000
Chr07,30590000,30600000
Chr07,30600000,30610000
Chr07,30620000,30630000
Chr07,30650000,30660000
Chr07,30660000,30670000
Chr07,30680000,30690000
Chr07,31150000,31160000
Chr07,31160000,31170000
Chr07,31170000,31180000
Chr07,31200000,31210000
Chr07,31210000,31220000
Chr07,31240000,31250000
Chr07,31250000,31260000
Chr07,31260000,31270000
Chr07,31270000,31280000
Chr07,31480000,31490000
Chr07,31630000,31640000
Chr07,31680000,31690000
Chr07,31890000,31900000
Chr07,31900000,31910000
Chr07,32130000,32140000
Chr07,32140000,32150000
Chr07,32660000,32670000
Chr07,32680000,32690000
Chr07,33230000,33240000
Chr07,33550000,33560000
Chr07,33560000,33570000
Chr07,33570000,33580000
Chr07,33580000,33590000
Chr07,33600000,33610000
Chr07,33610000,33620000
Chr07,33620000,33630000
Chr07,33630000,33640000
Chr07,33640000,33650000
Chr07,33650000,33660000
Chr07,33750000,33760000
Chr07,34650000,34660000
Chr07,35050000,35060000
Chr07,36190000,36200000
Chr07,36200000,36210000
Chr07,36890000,36900000
Chr07,36900000,36910000
Chr07,36910000,36920000
Chr07,36920000,36930000
Chr07,37860000,37870000
Chr07,38080000,38090000
Chr07,38610000,38620000
Chr07,39130000,39140000
Chr07,39350000,39360000
Chr07,40050000,40060000
Chr07,40280000,40290000
Chr07,40300000,40310000
Chr07,40310000,40320000
Chr07,40320000,40330000
Chr07,40520000,40530000
Chr07,40530000,40540000
Chr07,40540000,40550000
Chr07,42390000,42400000
Chr07,42440000,42450000
Chr08,920000,930000
Chr08,930000,940000
Chr08,940000,950000
Chr08,1180000,1190000
Chr08,3160000,3170000
Chr08,5500000,5510000
Chr08,5510000,5520000
Chr08,6430000,6440000
Chr08,6990000,7000000
Chr08,7250000,7260000
Chr08,7370000,7380000
Chr08,8110000,8120000
Chr08,8160000,8170000
Chr08,9290000,9300000
Chr08,9310000,9320000
Chr08,9330000,9340000
Chr08,10050000,10060000
Chr08,10210000,10220000
Chr08,10230000,10240000
Chr08,10240000,10250000
Chr08,11060000,11070000
Chr08,11200000,11210000
Chr08,11290000,11300000
Chr08,11460000,11470000
Chr08,12080000,12090000
Chr08,12260000,12270000
Chr08,12560000,12570000
Chr08,13370000,13380000
Chr08,13380000,13390000
Chr08,13480000,13490000
Chr08,13670000,13680000
Chr08,15810000,15820000
Chr08,15980000,15990000
Chr08,16200000,16210000
Chr08,16790000,16800000
Chr08,17380000,17390000
Chr08,17390000,17400000
Chr08,17400000,17410000
Chr08,17410000,17420000
Chr08,18400000,18410000
Chr08,18940000,18950000
Chr08,18950000,18960000
Chr08,18960000,18970000
Chr08,19080000,19090000
Chr08,19090000,19100000
Chr08,19490000,19500000
Chr08,19990000,20000000
Chr08,20960000,20970000
Chr08,20980000,20990000
Chr08,20990000,21000000
Chr08,21000000,21010000
Chr08,21010000,21020000
Chr08,21020000,21030000
Chr08,21040000,21050000
Chr08,21050000,21060000
Chr08,21180000,21190000
Chr08,22550000,22560000
Chr08,22620000,22630000
Chr08,22630000,22640000
Chr08,22640000,22650000
Chr08,22670000,22680000
Chr08,22740000,22750000
Chr08,22890000,22900000
Chr08,22990000,23000000
Chr08,23000000,23010000
Chr08,23010000,23020000
Chr08,23020000,23030000
Chr08,23060000,23070000
Chr08,23070000,23080000
Chr08,23090000,23100000
Chr08,23240000,23250000
Chr08,23320000,23330000
Chr08,23330000,23340000
Chr08,23600000,23610000
Chr08,24140000,24150000
Chr08,25130000,25140000
Chr08,25140000,25150000
Chr08,25150000,25160000
Chr08,25160000,25170000
Chr08,25170000,25180000
Chr08,25220000,25230000
Chr08,25290000,25300000
Chr08,25310000,25320000
Chr08,26050000,26060000
Chr08,26090000,26100000
Chr08,26120000,26130000
Chr08,26140000,26150000
Chr08,26160000,26170000
Chr08,26200000,26210000
Chr08,26220000,26230000
Chr08,26240000,26250000
Chr08,26250000,26260000
Chr08,26260000,26270000
Chr08,26280000,26290000
Chr08,26300000,26310000
Chr08,26320000,26330000
Chr08,26340000,26350000
Chr08,26350000,26360000
Chr08,26360000,26370000
Chr08,26370000,26380000
Chr08,26380000,26390000
Chr08,26390000,26400000
Chr08,26950000,26960000
Chr08,26970000,26980000
Chr08,26990000,27000000
Chr08,27010000,27020000
Chr08,27020000,27030000
Chr08,27040000,27050000
Chr08,27050000,27060000
Chr08,27060000,27070000
Chr08,27210000,27220000
Chr08,27220000,27230000
Chr08,27230000,27240000
Chr08,27240000,27250000
Chr08,27250000,27260000
Chr08,27620000,27630000
Chr08,27630000,27640000
Chr08,27640000,27650000
Chr08,27650000,27660000
Chr08,27660000,27670000
Chr08,27670000,27680000
Chr08,27700000,27710000
Chr08,27710000,27720000
Chr08,27720000,27730000
Chr08,27730000,27740000
Chr08,27740000,27750000
Chr08,28130000,28140000
Chr08,29660000,29670000
Chr08,31600000,31610000
Chr08,31620000,31630000
Chr08,31770000,31780000
Chr08,31830000,31840000
Chr08,32170000,32180000
Chr08,32350000,32360000
Chr08,32360000,32370000
Chr08,33980000,33990000
Chr08,33990000,34000000
Chr08,34000000,34010000
Chr08,34120000,34130000
Chr08,34410000,34420000
Chr08,34690000,34700000
Chr08,35040000,35050000
Chr08,35880000,35890000
Chr08,35920000,35930000
Chr08,35970000,35980000
Chr08,36090000,36100000
Chr08,36100000,36110000
Chr08,36110000,36120000
Chr08,36180000,36190000
Chr08,36200000,36210000
Chr08,36210000,36220000
Chr08,36220000,36230000
Chr08,36230000,36240000
Chr08,36270000,36280000
Chr08,36400000,36410000
Chr08,36420000,36430000
Chr08,36450000,36460000
Chr08,36490000,36500000
Chr08,36500000,36510000
Chr08,36920000,36930000
Chr08,36940000,36950000
Chr08,36950000,36960000
Chr08,36960000,36970000
Chr08,36970000,36980000
Chr08,36980000,36990000
Chr08,36990000,37000000
Chr08,37000000,37010000
Chr08,37010000,37020000
Chr08,37020000,37030000
Chr08,37030000,37040000
Chr08,37040000,37050000
Chr08,37070000,37080000
Chr08,37080000,37090000
Chr08,37090000,37100000
Chr08,37120000,37130000
Chr08,37140000,37150000
Chr08,37230000,37240000
Chr08,37260000,37270000
Chr08,37580000,37590000
Chr08,37750000,37760000
Chr08,37760000,37770000
Chr08,38370000,38380000
Chr08,38430000,38440000
Chr08,38560000,38570000
Chr08,39350000,39360000
Chr08,39360000,39370000
Chr08,40070000,40080000
Chr08,40880000,40890000
Chr09,2100000,2110000
Chr09,2980000,2990000
Chr09,2990000,3000000
Chr09,3050000,3060000
Chr09,3250000,3260000
Chr09,3830000,3840000
Chr09,4770000,4780000
Chr09,4850000,4860000
Chr09,5050000,5060000
Chr09,5150000,5160000
Chr09,5610000,5620000
Chr09,8000000,8010000
Chr09,8930000,8940000
Chr09,8990000,9000000
Chr09,9480000,9490000
Chr09,9490000,9500000
Chr09,10610000,10620000
Chr09,10830000,10840000
Chr09,10840000,10850000
Chr09,11900000,11910000
Chr09,11910000,11920000
Chr09,11920000,11930000
Chr09,11930000,11940000
Chr09,11940000,11950000
Chr09,11950000,11960000
Chr09,11960000,11970000
Chr09,11970000,11980000
Chr09,12120000,12130000
Chr09,12130000,12140000
Chr09,12140000,12150000
Chr09,12150000,12160000
Chr09,12160000,12170000
Chr09,12170000,12180000
Chr09,12180000,12190000
Chr09,12190000,12200000
Chr09,14320000,14330000
Chr09,15540000,15550000
Chr09,16810000,16820000
Chr09,19110000,19120000
Chr09,19490000,19500000
Chr09,19590000,19600000
Chr09,19620000,19630000
Chr09,19630000,19640000
Chr09,19710000,19720000
Chr09,19720000,19730000
Chr09,19800000,19810000
Chr09,19810000,19820000
Chr09,19930000,19940000
Chr09,20160000,20170000
Chr09,21060000,21070000
Chr09,21580000,21590000
Chr09,21590000,21600000
Chr09,23310000,23320000
Chr09,23990000,24000000
Chr09,24500000,24510000
Chr09,24790000,24800000
Chr09,24940000,24950000
Chr09,24950000,24960000
Chr09,24960000,24970000
Chr09,25730000,25740000
Chr09,26340000,26350000
Chr09,26380000,26390000
Chr09,26390000,26400000
Chr09,26400000,26410000
Chr09,26430000,26440000
Chr09,26440000,26450000
Chr09,26450000,26460000
Chr09,26460000,26470000
Chr09,26500000,26510000
Chr09,26530000,26540000
Chr09,26620000,26630000
Chr09,26760000,26770000
Chr09,26790000,26800000
Chr09,26800000,26810000
Chr09,27980000,27990000
Chr09,28020000,28030000
Chr09,28030000,28040000
Chr09,28090000,28100000
Chr09,29140000,29150000
Chr09,30180000,30190000
Chr09,30830000,30840000
Chr09,30850000,30860000
Chr09,32550000,32560000
Chr09,32600000,32610000
Chr09,32820000,32830000
Chr09,32850000,32860000
Chr09,35560000,35570000
Chr09,35570000,35580000
Chr09,37080000,37090000
Chr09,38010000,38020000
Chr09,38910000,38920000
Chr10,1130000,1140000
Chr10,1820000,1830000
Chr10,5500000,5510000
Chr10,7150000,7160000
Chr10,8500000,8510000
Chr10,8850000,8860000
Chr10,8880000,8890000
Chr10,9730000,9740000
Chr10,9770000,9780000
Chr10,9780000,9790000
Chr10,10110000,10120000
Chr10,10690000,10700000
Chr10,10700000,10710000
Chr10,10710000,10720000
Chr10,10720000,10730000
Chr10,10730000,10740000
Chr10,10740000,10750000
Chr10,10750000,10760000
Chr10,10760000,10770000
Chr10,10830000,10840000
Chr10,10920000,10930000
Chr10,10940000,10950000
Chr10,10990000,11000000
Chr10,11010000,11020000
Chr10,11020000,11030000
Chr10,11050000,11060000
Chr10,11080000,11090000
Chr10,11170000,11180000
Chr10,11180000,11190000
Chr10,11200000,11210000
Chr10,11240000,11250000
Chr10,11350000,11360000
Chr10,11360000,11370000
Chr10,11370000,11380000
Chr10,12120000,12130000
Chr10,12240000,12250000
Chr10,12250000,12260000
Chr10,12750000,12760000
Chr10,12780000,12790000
Chr10,12940000,12950000
Chr10,13030000,13040000
Chr10,14940000,14950000
Chr10,17270000,17280000
Chr10,17620000,17630000
Chr10,17740000,17750000
Chr10,17910000,17920000
Chr10,18020000,18030000
Chr10,18110000,18120000
Chr10,19550000,19560000
Chr10,19910000,19920000
Chr10,19920000,19930000
Chr10,20490000,20500000
Chr10,20650000,20660000
Chr10,20660000,20670000
Chr10,20670000,20680000
Chr10,20680000,20690000
Chr10,20690000,20700000
Chr10,20700000,20710000
Chr10,20720000,20730000
Chr10,20730000,20740000
Chr10,21120000,21130000
Chr10,21150000,21160000
Chr10,21930000,21940000
Chr10,22150000,22160000
Chr10,22690000,22700000
Chr10,22970000,22980000
Chr10,23000000,23010000
Chr10,23510000,23520000
Chr10,24100000,24110000
Chr10,24110000,24120000
Chr10,24380000,24390000
Chr10,24490000,24500000
Chr10,26040000,26050000
Chr10,26190000,26200000
Chr10,26360000,26370000
Chr10,26430000,26440000
Chr10,26730000,26740000
Chr10,27480000,27490000
Chr10,27550000,27560000
Chr10,27660000,27670000
Chr10,27900000,27910000
Chr10,27910000,27920000
Chr10,27920000,27930000
Chr10,27960000,27970000
Chr10,27970000,27980000
Chr10,27990000,28000000
Chr10,28010000,28020000
Chr10,28020000,28030000
Chr10,28030000,28040000
Chr10,28040000,28050000
Chr10,28070000,28080000
Chr10,28080000,28090000
Chr10,28090000,28100000
Chr10,28100000,28110000
Chr10,28120000,28130000
Chr10,28130000,28140000
Chr10,28140000,28150000
Chr10,28150000,28160000
Chr10,28170000,28180000
Chr10,28280000,28290000
Chr10,28720000,28730000
Chr10,28740000,28750000
Chr10,28750000,28760000
Chr10,28910000,28920000
Chr10,29020000,29030000
Chr10,29030000,29040000
Chr10,29040000,29050000
Chr10,29320000,29330000
Chr10,29340000,29350000
Chr10,29370000,29380000
Chr10,29380000,29390000
Chr10,29390000,29400000
Chr10,29400000,29410000
Chr10,29410000,29420000
Chr10,29440000,29450000
Chr10,29450000,29460000
Chr10,29470000,29480000
Chr10,29490000,29500000
Chr10,30080000,30090000
Chr10,30250000,30260000
Chr10,30340000,30350000
Chr10,30870000,30880000
Chr10,31020000,31030000
Chr10,31090000,31100000
Chr10,31460000,31470000
Chr10,31520000,31530000
Chr10,32530000,32540000
Chr10,32680000,32690000
Chr10,32700000,32710000
Chr10,32710000,32720000
Chr10,32750000,32760000
Chr10,33310000,33320000
Chr10,33840000,33850000
Chr10,34600000,34610000
Chr10,34620000,34630000
Chr10,34790000,34800000
Chr10,34960000,34970000
Chr10,35080000,35090000
Chr10,35220000,35230000
Chr10,35850000,35860000
Chr10,35940000,35950000
Chr10,36310000,36320000
Chr10,36510000,36520000
Chr10,36540000,36550000
Chr10,36560000,36570000
Chr10,36830000,36840000
Chr11,1210000,1220000
Chr11,1270000,1280000
Chr11,1320000,1330000
Chr11,1330000,1340000
Chr11,1340000,1350000
Chr11,1560000,1570000
Chr11,2780000,2790000
Chr11,3030000,3040000
Chr11,4950000,4960000
Chr11,5040000,5050000
Chr11,6160000,6170000
Chr11,6190000,6200000
Chr11,6230000,6240000
Chr11,7410000,7420000
Chr11,7830000,7840000
Chr11,9440000,9450000
Chr11,9560000,9570000
Chr11,9960000,9970000
Chr11,9980000,9990000
Chr11,9990000,10000000
Chr11,10020000,10030000
Chr11,10030000,10040000
Chr11,10040000,10050000
Chr11,10050000,10060000
Chr11,10060000,10070000
Chr11,10190000,10200000
Chr11,10200000,10210000
Chr11,10360000,10370000
Chr11,11100000,11110000
Chr11,11110000,11120000
Chr11,11960000,11970000
Chr11,12420000,12430000
Chr11,13350000,13360000
Chr11,14120000,14130000
Chr11,15180000,15190000
Chr11,15220000,15230000
Chr11,15290000,15300000
Chr11,15330000,15340000
Chr11,16440000,16450000
Chr11,16820000,16830000
Chr11,17110000,17120000
Chr11,17130000,17140000
Chr11,17600000,17610000
Chr11,17610000,17620000
Chr11,17620000,17630000
Chr11,17790000,17800000
Chr11,18260000,18270000
Chr11,18270000,18280000
Chr11,18940000,18950000
Chr11,19180000,19190000
Chr11,22560000,22570000
Chr11,22590000,22600000
Chr11,22660000,22670000
Chr11,22870000,22880000
Chr11,22880000,22890000
Chr11,23060000,23070000
Chr11,23370000,23380000
Chr11,23920000,23930000
Chr11,24080000,24090000
Chr11,24090000,24100000
Chr11,24170000,24180000
Chr11,24180000,24190000
Chr11,24190000,24200000
Chr11,24200000,24210000
Chr11,24210000,24220000
Chr11,24240000,24250000
Chr11,24250000,24260000
Chr11,24260000,24270000
Chr11,24280000,24290000
Chr11,24290000,24300000
Chr11,24320000,24330000
Chr11,24330000,24340000
Chr11,24350000,24360000
Chr11,24360000,24370000
Chr11,24370000,24380000
Chr11,26280000,26290000
Chr11,27370000,27380000
Chr11,29460000,29470000
Chr11,29470000,29480000
Chr11,32950000,32960000
Chr11,35200000,35210000
Chr11,35390000,35400000
Chr11,35400000,35410000
Chr11,36830000,36840000
Chr12,0,10000
Chr12,1040000,1050000
Chr12,2240000,2250000
Chr12,2270000,2280000
Chr12,2280000,2290000
Chr12,2290000,2300000
Chr12,2300000,2310000
Chr12,2310000,2320000
Chr12,2320000,2330000
Chr12,2330000,2340000
Chr12,2340000,2350000
Chr12,4010000,4020000
Chr12,4020000,4030000
Chr12,4030000,4040000
Chr12,4600000,4610000
Chr12,5910000,5920000
Chr12,6260000,6270000
Chr12,7330000,7340000
Chr12,7340000,7350000
Chr12,8590000,8600000
Chr12,11990000,12000000
Chr12,14550000,14560000
Chr12,14590000,14600000
Chr12,14600000,14610000
Chr12,14610000,14620000
Chr12,14640000,14650000
Chr12,14650000,14660000
Chr12,14660000,14670000
Chr12,14670000,14680000
Chr12,16270000,16280000
Chr12,16940000,16950000
Chr12,17000000,17010000
Chr12,17960000,17970000
Chr12,18070000,18080000
Chr12,18660000,18670000
Chr12,18730000,18740000
Chr12,18860000,18870000
Chr12,18880000,18890000
Chr12,19240000,19250000
Chr12,20580000,20590000
Chr12,20590000,20600000
Chr12,20610000,20620000
Chr12,21210000,21220000
Chr12,22090000,22100000
Chr12,23500000,23510000
Chr12,25420000,25430000
Chr12,25970000,25980000
Chr12,26970000,26980000
Chr12,27420000,27430000
Chr12,27440000,27450000
Chr12,27640000,27650000
Chr12,27650000,27660000
Chr12,28650000,28660000
Chr12,34250000,34260000
Chr12,34260000,34270000
Chr12,34490000,34500000
Chr13,1080000,1090000
Chr13,1120000,1130000
Chr13,1410000,1420000
Chr13,1500000,1510000
Chr13,1780000,1790000
Chr13,1790000,1800000
Chr13,1880000,1890000
Chr13,2360000,2370000
Chr13,2370000,2380000
Chr13,2380000,2390000
Chr13,2670000,2680000
Chr13,2740000,2750000
Chr13,3150000,3160000
Chr13,3180000,3190000
Chr13,3440000,3450000
Chr13,3750000,3760000
Chr13,4070000,4080000
Chr13,4280000,4290000
Chr13,4300000,4310000
Chr13,4310000,4320000
Chr13,4390000,4400000
Chr13,4440000,4450000
Chr13,4450000,4460000
Chr13,4460000,4470000
Chr13,4480000,4490000
Chr13,4510000,4520000
Chr13,4520000,4530000
Chr13,4540000,4550000
Chr13,4550000,4560000
Chr13,4970000,4980000
Chr13,4980000,4990000
Chr13,5010000,5020000
Chr13,5060000,5070000
Chr13,5090000,5100000
Chr13,5210000,5220000
Chr13,5630000,5640000
Chr13,5640000,5650000
Chr13,5660000,5670000
Chr13,5680000,5690000
Chr13,5690000,5700000
Chr13,5770000,5780000
Chr13,5780000,5790000
Chr13,5810000,5820000
Chr13,5820000,5830000
Chr13,5900000,5910000
Chr13,6050000,6060000
Chr13,6270000,6280000
Chr13,6280000,6290000
Chr13,6300000,6310000
Chr13,6420000,6430000
Chr13,6440000,6450000
Chr13,6450000,6460000
Chr13,6470000,6480000
Chr13,6490000,6500000
Chr13,6500000,6510000
Chr13,6510000,6520000
Chr13,6520000,6530000
Chr13,6530000,6540000
Chr13,6540000,6550000
Chr13,6580000,6590000
Chr13,6590000,6600000
Chr13,6650000,6660000
Chr13,6710000,6720000
Chr13,6860000,6870000
Chr13,7330000,7340000
Chr13,7360000,7370000
Chr13,7500000,7510000
Chr13,7510000,7520000
Chr13,7520000,7530000
Chr13,7570000,7580000
Chr13,7580000,7590000
Chr13,7590000,7600000
Chr13,7600000,7610000
Chr13,7620000,7630000
Chr13,7630000,7640000
Chr13,7640000,7650000
Chr13,7660000,7670000
Chr13,7680000,7690000
Chr13,8230000,8240000
Chr13,8710000,8720000
Chr13,8810000,8820000
Chr13,9210000,9220000
Chr13,9480000,9490000
Chr13,9640000,9650000
Chr13,10640000,10650000
Chr13,10940000,10950000
Chr13,10970000,10980000
Chr13,11590000,11600000
Chr13,12500000,12510000
Chr13,13120000,13130000
Chr13,13700000,13710000
Chr13,14030000,14040000
Chr13,14830000,14840000
Chr13,15450000,15460000
Chr13,15780000,15790000
Chr13,15800000,15810000
Chr13,16010000,16020000
Chr13,17240000,17250000
Chr13,17460000,17470000
Chr13,19650000,19660000
Chr13,19660000,19670000
Chr13,20320000,20330000
Chr13,21280000,21290000
Chr13,21340000,21350000
Chr13,22100000,22110000
Chr13,22110000,22120000
Chr13,22120000,22130000
Chr13,22130000,22140000
Chr13,22140000,22150000
Chr13,22150000,22160000
Chr13,22160000,22170000
Chr13,22170000,22180000
Chr13,22180000,22190000
Chr13,22200000,22210000
Chr13,22240000,22250000
Chr13,22250000,22260000
Chr13,22260000,22270000
Chr13,22360000,22370000
Chr13,22510000,22520000
Chr13,22520000,22530000
Chr13,22530000,22540000
Chr13,22870000,22880000
Chr13,23270000,23280000
Chr13,23420000,23430000
Chr13,23760000,23770000
Chr13,23770000,23780000
Chr13,23780000,23790000
Chr13,23890000,23900000
Chr13,23900000,23910000
Chr13,23910000,23920000
Chr13,23920000,23930000
Chr13,23930000,23940000
Chr13,23940000,23950000
Chr13,23980000,23990000
Chr13,24050000,24060000
Chr13,24070000,24080000
Chr13,24080000,24090000
Chr13,24090000,24100000
Chr13,24110000,24120000
Chr13,24120000,24130000
Chr13,24130000,24140000
Chr13,24150000,24160000
Chr13,24160000,24170000
Chr13,24170000,24180000
Chr13,24180000,24190000
Chr13,24350000,24360000
Chr13,24650000,24660000
Chr13,25490000,25500000
Chr13,25940000,25950000
Chr13,26380000,26390000
Chr13,26440000,26450000
Chr13,27740000,27750000
Chr13,27910000,27920000
Chr13,27920000,27930000
Chr13,29230000,29240000
Chr13,29830000,29840000
Chr13,29950000,29960000
Chr13,30760000,30770000
Chr13,30770000,30780000
Chr13,31010000,31020000
Chr13,31020000,31030000
Chr13,31030000,31040000
Chr13,32270000,32280000
Chr13,32280000,32290000
Chr13,32320000,32330000
Chr13,32430000,32440000
Chr13,32620000,32630000
Chr13,34740000,34750000
Chr14,550000,560000
Chr14,1480000,1490000
Chr14,1490000,1500000
Chr14,2200000,2210000
Chr14,2630000,2640000
Chr14,3560000,3570000
Chr14,3570000,3580000
Chr14,3580000,3590000
Chr14,3590000,3600000
Chr14,3680000,3690000
Chr14,6090000,6100000
Chr14,6110000,6120000
Chr14,6140000,6150000
Chr14,6150000,6160000
Chr14,6170000,6180000
Chr14,6180000,6190000
Chr14,6190000,6200000
Chr14,7070000,7080000
Chr14,7090000,7100000
Chr14,7450000,7460000
Chr14,8550000,8560000
Chr14,9340000,9350000
Chr14,9350000,9360000
Chr14,9360000,9370000
Chr14,9840000,9850000
Chr14,9880000,9890000
Chr14,10070000,10080000
Chr14,10110000,10120000
Chr14,10120000,10130000
Chr14,10890000,10900000
Chr14,10900000,10910000
Chr14,10950000,10960000
Chr14,11520000,11530000
Chr14,11580000,11590000
Chr14,11770000,11780000
Chr14,11910000,11920000
Chr14,11920000,11930000
Chr14,11960000,11970000
Chr14,15050000,15060000
Chr14,15280000,15290000
Chr14,15300000,15310000
Chr14,15750000,15760000
Chr14,15990000,16000000
Chr14,17860000,17870000
Chr14,18230000,18240000
Chr14,18850000,18860000
Chr14,20480000,20490000
Chr14,20550000,20560000
Chr14,21500000,21510000
Chr14,21900000,21910000
Chr14,21990000,22000000
Chr14,23380000,23390000
Chr14,23410000,23420000
Chr14,23580000,23590000
Chr14,25220000,25230000
Chr14,25230000,25240000
Chr14,25240000,25250000
Chr14,25250000,25260000
Chr14,25260000,25270000
Chr14,25270000,25280000
Chr14,25290000,25300000
Chr14,25300000,25310000
Chr14,25310000,25320000
Chr14,25340000,25350000
Chr14,25890000,25900000
Chr14,28100000,28110000
Chr14,28500000,28510000
Chr14,28670000,28680000
Chr14,31340000,31350000
Chr14,32690000,32700000
Chr14,33790000,33800000
Chr15,260000,270000
Chr15,590000,600000
Chr15,4000000,4010000
Chr15,4160000,4170000
Chr15,4320000,4330000
Chr15,4340000,4350000
Chr15,4370000,4380000
Chr15,4400000,4410000
Chr15,4740000,4750000
Chr15,5620000,5630000
Chr15,5670000,5680000
Chr15,5740000,5750000
Chr15,5860000,5870000
Chr15,5870000,5880000
Chr15,6070000,6080000
Chr15,6630000,6640000
Chr15,7160000,7170000
Chr15,7230000,7240000
Chr15,7240000,7250000
Chr15,7250000,7260000
Chr15,7270000,7280000
Chr15,7880000,7890000
Chr15,7890000,7900000
Chr15,8120000,8130000
Chr15,8300000,8310000
Chr15,8340000,8350000
Chr15,8570000,8580000
Chr15,8640000,8650000
Chr15,10210000,10220000
Chr15,11240000,11250000
Chr15,11840000,11850000
Chr15,12040000,12050000
Chr15,12180000,12190000
Chr15,12270000,12280000
Chr15,12280000,12290000
Chr15,13100000,13110000
Chr15,13950000,13960000
Chr15,13960000,13970000
Chr15,13980000,13990000
Chr15,14100000,14110000
Chr15,14490000,14500000
Chr15,14500000,14510000
Chr15,14790000,14800000
Chr15,14930000,14940000
Chr15,14940000,14950000
Chr15,14970000,14980000
Chr15,15600000,15610000
Chr15,16750000,16760000
Chr15,16820000,16830000
Chr15,16860000,16870000
Chr15,16870000,16880000
Chr15,16880000,16890000
Chr15,16890000,16900000
Chr15,16900000,16910000
Chr15,18670000,18680000
Chr15,18720000,18730000
Chr15,19720000,19730000
Chr15,23200000,23210000
Chr15,23210000,23220000
Chr15,23710000,23720000
Chr15,24130000,24140000
Chr15,24500000,24510000
Chr15,25120000,25130000
Chr15,25220000,25230000
Chr15,25310000,25320000
Chr15,25320000,25330000
Chr15,25330000,25340000
Chr15,25340000,25350000
Chr15,25350000,25360000
Chr15,25360000,25370000
Chr15,25720000,25730000
Chr15,25730000,25740000
Chr15,27200000,27210000
Chr15,27230000,27240000
Chr15,31100000,31110000
Chr16,740000,750000
Chr16,1020000,1030000
Chr16,1080000,1090000
Chr16,1160000,1170000
Chr16,1180000,1190000
Chr16,1200000,1210000
Chr16,1210000,1220000
Chr16,1220000,1230000
Chr16,3600000,3610000
Chr16,3820000,3830000
Chr16,3830000,3840000
Chr16,3840000,3850000
Chr16,4280000,4290000
Chr16,4630000,4640000
Chr16,5700000,5710000
Chr16,6080000,6090000
Chr16,6250000,6260000
Chr16,6420000,6430000
Chr16,6700000,6710000
Chr16,6810000,6820000
Chr16,7240000,7250000
Chr16,7250000,7260000
Chr16,8890000,8900000
Chr16,9440000,9450000
Chr16,9450000,9460000
Chr16,9460000,9470000
Chr16,10050000,10060000
Chr16,10060000,10070000
Chr16,10090000,10100000
Chr16,10320000,10330000
Chr16,10610000,10620000
Chr16,10820000,10830000
Chr16,10830000,10840000
Chr16,11020000,11030000
Chr16,11770000,11780000
Chr16,11960000,11970000
Chr16,12760000,12770000
Chr16,14590000,14600000
Chr16,14680000,14690000
Chr16,14690000,14700000
Chr16,14700000,14710000
Chr16,14710000,14720000
Chr16,14900000,14910000
Chr16,15340000,15350000
Chr16,15410000,15420000
Chr16,15440000,15450000
Chr16,15450000,15460000
Chr16,16100000,16110000
Chr16,16320000,16330000
Chr16,16350000,16360000
Chr16,16360000,16370000
Chr16,16440000,16450000
Chr16,16450000,16460000
Chr16,16470000,16480000
Chr16,16490000,16500000
Chr16,16500000,16510000
Chr16,16520000,16530000
Chr16,16550000,16560000
Chr16,16560000,16570000
Chr16,16570000,16580000
Chr16,17760000,17770000
Chr16,17950000,17960000
Chr16,17960000,17970000
Chr16,17970000,17980000
Chr16,18000000,18010000
Chr16,19840000,19850000
Chr16,21630000,21640000
Chr16,21650000,21660000
Chr16,23780000,23790000
Chr16,23850000,23860000
Chr16,26140000,26150000
Chr16,26300000,26310000
Chr16,26530000,26540000
Chr16,26540000,26550000
Chr16,29430000,29440000
Chr16,30160000,30170000
Chr16,31180000,31188833
Chr04,950000,960000
Chr04,2110000,2120000
Chr04,2120000,2130000
Chr04,2130000,2140000
Chr04,2230000,2240000
Chr04,2330000,2340000
Chr04,2340000,2350000
Chr04,2350000,2360000
Chr04,2560000,2570000
Chr04,2910000,2920000
Chr04,2930000,2940000
Chr04,2940000,2950000
Chr04,4960000,4970000
Chr04,5050000,5060000
Chr04,5070000,5080000
Chr04,5710000,5720000
Chr04,5720000,5730000
Chr04,5760000,5770000
Chr04,5970000,5980000
Chr04,6190000,6200000
Chr04,7710000,7720000
Chr04,9940000,9950000
Chr04,10140000,10150000
Chr04,10650000,10660000
Chr04,10970000,10980000
Chr04,11100000,11110000
Chr04,11320000,11330000
Chr04,11330000,11340000
Chr04,12010000,12020000
Chr04,12020000,12030000
Chr04,12340000,12350000
Chr04,12680000,12690000
Chr04,12980000,12990000
Chr04,12990000,13000000
Chr04,13000000,13010000
Chr04,13160000,13170000
Chr04,13170000,13180000
Chr04,13180000,13190000
Chr04,13810000,13820000
Chr04,13980000,13990000
Chr04,15000000,15010000
Chr04,16300000,16310000
Chr04,17570000,17580000
Chr04,17690000,17700000
Chr04,19170000,19180000
Chr04,19190000,19200000
Chr04,19310000,19320000
Chr04,19320000,19330000
Chr04,19770000,19780000
Chr04,19780000,19790000
Chr04,19800000,19810000
Chr04,19810000,19820000
Chr04,19820000,19830000
Chr04,19830000,19840000
Chr04,19840000,19850000
Chr04,19850000,19860000
Chr04,19860000,19870000
Chr04,19870000,19880000
Chr04,19880000,19890000
Chr04,19890000,19900000
Chr04,19900000,19910000
Chr04,19910000,19920000
Chr04,19920000,19930000
Chr04,19940000,19950000
Chr04,19950000,19960000
Chr04,20180000,20190000
Chr04,20190000,20200000
Chr04,20200000,20210000
Chr04,20210000,20220000
Chr04,20350000,20360000
Chr04,20370000,20380000
Chr04,20980000,20990000
Chr04,21020000,21030000
Chr04,21230000,21240000
Chr04,21240000,21250000
Chr04,21250000,21260000
Chr04,21260000,21270000
Chr04,21270000,21280000
Chr04,21300000,21310000
Chr04,21310000,21320000
Chr04,21320000,21330000
Chr04,21330000,21340000
Chr04,21560000,21570000
Chr04,21580000,21590000
Chr04,21590000,21600000
Chr04,21670000,21680000
Chr04,21680000,21690000
Chr04,21690000,21700000
Chr04,21700000,21710000
Chr04,21890000,21900000
Chr04,22200000,22210000
Chr04,24820000,24830000
Chr04,26520000,26530000
Chr04,26630000,26640000
Chr04,26750000,26760000
Chr04,26840000,26850000
Chr04,27180000,27190000
Chr04,28850000,28860000
Chr04,29390000,29400000
Chr04,31300000,31310000
Chr04,32270000,32280000
Chr04,33330000,33340000
Chr04,33910000,33920000
Chr04,33920000,33930000
Chr04,35270000,35280000
Chr04,36110000,36120000
Chr04,36160000,36170000
Chr04,36190000,36200000
Chr04,36210000,36220000
Chr04,36580000,36590000
Chr04,36590000,36600000
Chr04,36610000,36620000
Chr04,36620000,36630000
Chr04,36760000,36770000
Chr04,37000000,37010000
Chr04,37010000,37020000
Chr04,37020000,37030000
Chr04,37030000,37040000
Chr04,37040000,37050000
Chr04,37090000,37100000
Chr04,38210000,38220000
Chr04,38290000,38300000
Chr04,38300000,38310000
Chr04,38320000,38330000
Chr04,38420000,38430000
Chr04,38900000,38910000
Chr04,39660000,39670000
Chr04,39670000,39680000
Chr04,39730000,39740000
Chr04,39820000,39830000
Chr04,39840000,39850000
Chr04,39990000,40000000
Chr04,40430000,40440000
Chr04,40440000,40450000
Chr04,40450000,40460000
Chr04,40460000,40470000
Chr04,41450000,41460000
Chr04,41890000,41900000
Chr04,42220000,42230000
Chr04,42530000,42540000
Chr04,42840000,42850000
Chr04,42960000,42970000
Chr04,42990000,43000000
Chr04,43030000,43040000
Chr04,43070000,43080000
Chr04,43080000,43090000
Chr04,43090000,43100000
Chr04,43100000,43110000
Chr04,43110000,43120000
Chr04,43120000,43130000
Chr04,43140000,43150000
Chr04,43150000,43160000
Chr04,43160000,43170000
Chr04,43180000,43190000
Chr04,43190000,43200000
Chr04,43200000,43210000
Chr04,43250000,43260000
Chr04,43260000,43270000
Chr04,43280000,43290000
Chr04,43290000,43300000
Chr04,43300000,43310000
Chr04,43310000,43320000
Chr04,43330000,43340000
Chr04,43340000,43350000
Chr04,43350000,43360000
Chr04,43360000,43370000
Chr04,43370000,43380000
Chr04,43410000,43420000
Chr04,43440000,43450000
Chr04,43450000,43460000
Chr04,43470000,43480000
Chr04,43480000,43490000
Chr04,43500000,43510000
Chr04,43520000,43530000
Chr04,43540000,43550000
Chr04,43550000,43560000
Chr04,43570000,43580000
Chr04,43590000,43600000
Chr04,43600000,43610000
Chr04,43610000,43620000
Chr04,43620000,43630000
Chr04,43630000,43640000
Chr04,43640000,43650000
Chr04,43650000,43660000
Chr04,43660000,43670000
Chr04,43670000,43680000
Chr04,43680000,43690000
Chr04,43690000,43700000
Chr04,43700000,43710000
Chr04,43710000,43720000
Chr04,43730000,43740000
Chr04,43740000,43750000
Chr04,43770000,43780000
Chr04,43780000,43790000
Chr04,43790000,43800000
Chr04,43830000,43840000
Chr04,43840000,43850000
Chr04,43850000,43860000
Chr04,43880000,43890000
Chr04,43890000,43900000
Chr04,43900000,43910000
Chr04,43910000,43920000
Chr04,43920000,43930000
Chr04,43930000,43940000
Chr04,43940000,43950000
Chr04,43950000,43960000
Chr17,50000,60000
Chr17,250000,260000
Chr17,440000,450000
Chr17,1180000,1190000
Chr17,2010000,2020000
Chr17,4580000,4590000
Chr17,4620000,4630000
Chr17,4810000,4820000
Chr17,4830000,4840000
Chr17,4890000,4900000
Chr17,4900000,4910000
Chr17,4910000,4920000
Chr17,4920000,4930000
Chr17,4930000,4940000
Chr17,4940000,4950000
Chr17,5160000,5170000
Chr17,6430000,6440000
Chr17,7650000,7660000
Chr17,8810000,8820000
Chr17,9700000,9710000
Chr17,9710000,9720000
Chr17,9720000,9730000
Chr17,9730000,9740000
Chr17,9810000,9820000
Chr17,9880000,9890000
Chr17,9890000,9900000
Chr17,9900000,9910000
Chr17,9920000,9930000
Chr17,9930000,9940000
Chr17,9950000,9960000
Chr17,9960000,9970000
Chr17,10000000,10010000
Chr17,10020000,10030000
Chr17,10050000,10060000
Chr17,10060000,10070000
Chr17,10080000,10090000
Chr17,10090000,10100000
Chr17,10100000,10110000
Chr17,10110000,10120000
Chr17,10130000,10140000
Chr17,10140000,10150000
Chr17,10150000,10160000
Chr17,10380000,10390000
Chr17,11870000,11880000
Chr17,17000000,17010000
Chr17,17060000,17070000
Chr17,17080000,17090000
Chr17,17090000,17100000
Chr17,17100000,17110000
Chr17,17130000,17140000
Chr17,17140000,17150000
Chr17,17160000,17170000
Chr17,17170000,17180000
Chr17,17360000,17370000
Chr17,17770000,17780000
Chr17,18720000,18730000
Chr17,19830000,19840000
Chr17,19880000,19890000
Chr17,21150000,21160000
Chr17,21830000,21840000
Chr17,22690000,22700000
Chr17,23260000,23270000
Chr17,23320000,23330000
Chr17,23850000,23860000
Chr17,25670000,25680000
Chr17,26820000,26830000
Chr17,27520000,27530000
Chr17,27570000,27580000
Chr17,28300000,28310000
Chr17,29440000,29450000
Chr17,29450000,29460000
Chr18,250000,260000
Chr18,400000,410000
Chr18,990000,1000000
Chr18,1000000,1010000
Chr18,1100000,1110000
Chr18,1110000,1120000
Chr18,1120000,1130000
Chr18,1430000,1440000
Chr18,1440000,1450000
Chr18,1470000,1480000
Chr18,1480000,1490000
Chr18,1490000,1500000
Chr18,1500000,1510000
Chr18,1510000,1520000
Chr18,1520000,1530000
Chr18,1530000,1540000
Chr18,1830000,1840000
Chr18,1860000,1870000
Chr18,1980000,1990000
Chr18,1990000,2000000
Chr18,2010000,2020000
Chr18,2030000,2040000
Chr18,2040000,2050000
Chr18,2050000,2060000
Chr18,2060000,2070000
Chr18,2090000,2100000
Chr18,2100000,2110000
Chr18,2120000,2130000
Chr18,2130000,2140000
Chr18,2140000,2150000
Chr18,2150000,2160000
Chr18,2160000,2170000
Chr18,2170000,2180000
Chr18,2180000,2190000
Chr18,2190000,2200000
Chr18,2200000,2210000
Chr18,2210000,2220000
Chr18,2220000,2230000
Chr18,2230000,2240000
Chr18,2240000,2250000
Chr18,2250000,2260000
Chr18,2260000,2270000
Chr18,2270000,2280000
Chr18,2280000,2290000
Chr18,2290000,2300000
Chr18,2300000,2310000
Chr18,2310000,2320000
Chr18,2320000,2330000
Chr18,2330000,2340000
Chr18,2340000,2350000
Chr18,2350000,2360000
Chr18,2360000,2370000
Chr18,2370000,2380000
Chr18,2380000,2390000
Chr18,2390000,2400000
Chr18,2400000,2410000
Chr18,2410000,2420000
Chr18,2420000,2430000
Chr18,2430000,2440000
Chr18,2440000,2450000
Chr18,2450000,2460000
Chr18,2460000,2470000
Chr18,2470000,2480000
Chr18,2480000,2490000
Chr18,2490000,2500000
Chr18,2500000,2510000
Chr18,2510000,2520000
Chr18,2520000,2530000
Chr18,2530000,2540000
Chr18,2540000,2550000
Chr18,2550000,2560000
Chr18,2560000,2570000
Chr18,2570000,2580000
Chr18,2580000,2590000
Chr18,2600000,2610000
Chr18,2640000,2650000
Chr18,3210000,3220000
Chr18,3570000,3580000
Chr18,4330000,4340000
Chr18,5120000,5130000
Chr18,5130000,5140000
Chr18,5140000,5150000
Chr18,5150000,5160000
Chr18,5250000,5260000
Chr18,5380000,5390000
Chr18,5410000,5420000
Chr18,5750000,5760000
Chr18,5800000,5810000
Chr18,5990000,6000000
Chr18,6000000,6010000
Chr18,6010000,6020000
Chr18,6120000,6130000
Chr18,6720000,6730000
Chr18,7140000,7150000
Chr18,7430000,7440000
Chr18,8930000,8940000
Chr18,9240000,9250000
Chr18,9370000,9380000
Chr18,9380000,9390000
Chr18,9390000,9400000
Chr18,9880000,9890000
Chr18,10530000,10540000
Chr18,10540000,10550000
Chr18,10550000,10560000
Chr18,10560000,10570000
Chr18,11180000,11190000
Chr18,11490000,11500000
Chr18,11500000,11510000
Chr18,11810000,11820000
Chr18,11840000,11850000
Chr18,12420000,12430000
Chr18,12680000,12690000
Chr18,12690000,12700000
Chr18,12980000,12990000
Chr18,17130000,17140000
Chr18,17790000,17800000
Chr18,18130000,18140000
Chr18,18220000,18230000
Chr18,18800000,18810000
Chr18,19530000,19540000
Chr18,21000000,21010000
Chr18,21530000,21540000
Chr18,21600000,21610000
Chr18,21990000,22000000
Chr18,22060000,22070000
Chr18,22430000,22440000
Chr18,22620000,22630000
Chr18,27000000,27010000
Chr18,27220000,27230000
Chr18,27230000,27240000
Chr18,27240000,27250000
Chr18,27850000,27860000
Chr18,27860000,27870000
Chr18,27870000,27880000
Chr18,27900000,27910000
Chr18,27910000,27920000
Chr19,530000,540000
Chr19,810000,820000
Chr19,1200000,1210000
Chr19,1210000,1220000
Chr19,1220000,1230000
Chr19,1240000,1250000
Chr19,1350000,1360000
Chr19,1360000,1370000
Chr19,1370000,1380000
Chr19,1420000,1430000
Chr19,1430000,1440000
Chr19,1600000,1610000
Chr19,3160000,3170000
Chr19,3250000,3260000
Chr19,3310000,3320000
Chr19,3350000,3360000
Chr19,3430000,3440000
Chr19,4150000,4160000
Chr19,4270000,4280000
Chr19,4520000,4530000
Chr19,4530000,4540000
Chr19,4670000,4680000
Chr19,4690000,4700000
Chr19,5280000,5290000
Chr19,5860000,5870000
Chr19,6030000,6040000
Chr19,6070000,6080000
Chr19,6180000,6190000
Chr19,6200000,6210000
Chr19,6210000,6220000
Chr19,6240000,6250000
Chr19,6270000,6280000
Chr19,6290000,6300000
Chr19,6300000,6310000
Chr19,6310000,6320000
Chr19,6320000,6330000
Chr19,6420000,6430000
Chr19,6440000,6450000
Chr19,6540000,6550000
Chr19,6550000,6560000
Chr19,6650000,6660000
Chr19,6660000,6670000
Chr19,6670000,6680000
Chr19,6680000,6690000
Chr19,6700000,6710000
Chr19,6710000,6720000
Chr19,6730000,6740000
Chr19,6740000,6750000
Chr19,6750000,6760000
Chr19,6770000,6780000
Chr19,6780000,6790000
Chr19,6790000,6800000
Chr19,6800000,6810000
Chr19,6810000,6820000
Chr19,6820000,6830000
Chr19,6830000,6840000
Chr19,6850000,6860000
Chr19,6860000,6870000
Chr19,6880000,6890000
Chr19,6890000,6900000
Chr19,6950000,6960000
Chr19,6960000,6970000
Chr19,6970000,6980000
Chr19,6990000,7000000
Chr19,7020000,7030000
Chr19,7040000,7050000
Chr19,7070000,7080000
Chr19,7080000,7090000
Chr19,7160000,7170000
Chr19,7210000,7220000
Chr19,7240000,7250000
Chr19,7300000,7310000
Chr19,7320000,7330000
Chr19,7330000,7340000
Chr19,7340000,7350000
Chr19,7350000,7360000
Chr19,7370000,7380000
Chr19,7380000,7390000
Chr19,7400000,7410000
Chr19,7410000,7420000
Chr19,7430000,7440000
Chr19,7440000,7450000
Chr19,7480000,7490000
Chr19,7490000,7500000
Chr19,7560000,7570000
Chr19,7570000,7580000
Chr19,7580000,7590000
Chr19,7600000,7610000
Chr19,7610000,7620000
Chr19,7620000,7630000
Chr19,7640000,7650000
Chr19,7690000,7700000
Chr19,7730000,7740000
Chr19,7870000,7880000
Chr19,7900000,7910000
Chr19,8120000,8130000
Chr19,8180000,8190000
Chr19,8200000,8210000
Chr19,8210000,8220000
Chr19,8220000,8230000
Chr19,8230000,8240000
Chr19,8240000,8250000
Chr19,8250000,8260000
Chr19,8260000,8270000
Chr19,8270000,8280000
Chr19,8280000,8290000
Chr19,8300000,8310000
Chr19,8310000,8320000
Chr19,8330000,8340000
Chr19,8360000,8370000
Chr19,8370000,8380000
Chr19,8400000,8410000
Chr19,8410000,8420000
Chr19,8430000,8440000
Chr19,9260000,9270000
Chr19,9270000,9280000
Chr19,9280000,9290000
Chr19,9650000,9660000
Chr19,9660000,9670000
Chr19,9680000,9690000
Chr19,9710000,9720000
Chr19,9730000,9740000
Chr19,9750000,9760000
Chr19,9760000,9770000
Chr19,9770000,9780000
Chr19,9780000,9790000
Chr19,9790000,9800000
Chr19,9810000,9820000
Chr19,9830000,9840000
Chr19,10190000,10200000
Chr19,10350000,10360000
Chr19,10360000,10370000
Chr19,10370000,10380000
Chr19,10380000,10390000
Chr19,10390000,10400000
Chr19,10400000,10410000
Chr19,10410000,10420000
Chr19,10570000,10580000
Chr19,10770000,10780000
Chr19,11240000,11250000
Chr19,12220000,12230000
Chr19,13140000,13150000
Chr19,13150000,13160000
Chr19,13970000,13980000
Chr19,14110000,14120000
Chr19,15970000,15980000
Chr19,16200000,16210000
Chr19,16220000,16230000
Chr19,16380000,16390000
Chr19,16730000,16740000
Chr19,16740000,16750000
Chr19,18880000,18890000
Chr19,18890000,18900000
Chr19,20430000,20440000
Chr19,21400000,21410000
Chr19,21570000,21580000
Chr19,21580000,21590000
Chr19,21590000,21600000
Chr19,21600000,21610000
Chr19,21610000,21620000
Chr19,21620000,21630000
Chr19,21630000,21640000
Chr19,21640000,21650000
Chr19,21650000,21660000
Chr19,21660000,21670000
Chr19,21670000,21680000
Chr19,21680000,21690000
Chr19,21690000,21700000
Chr19,21710000,21720000
Chr19,21720000,21730000
Chr19,21730000,21740000
Chr19,21740000,21750000
Chr19,21750000,21760000
Chr19,21760000,21770000
Chr19,21790000,21800000
Chr19,21800000,21810000
Chr19,21810000,21820000
Chr19,21820000,21830000
Chr19,21830000,21840000
Chr19,21840000,21850000
Chr19,21870000,21880000
Chr19,22110000,22120000
Chr19,22120000,22130000
Chr19,22240000,22250000
Chr19,22250000,22260000
Chr19,22410000,22420000
Chr19,23330000,23340000
Chr19,25410000,25420000
Chr19,25750000,25760000
Chr19,26490000,26500000
Chr19,27060000,27070000
Chr19,27980000,27990000
Chr19,28540000,28550000
Chr20,110000,120000
Chr20,1680000,1690000
Chr20,1690000,1700000
Chr20,1950000,1960000
Chr20,3650000,3660000
Chr20,3920000,3930000
Chr20,4370000,4380000
Chr20,5030000,5040000
Chr20,5780000,5790000
Chr20,5790000,5800000
Chr20,7220000,7230000
Chr20,7230000,7240000
Chr20,7970000,7980000
Chr20,9530000,9540000
Chr20,9580000,9590000
Chr20,9630000,9640000
Chr20,9690000,9700000
Chr20,9710000,9720000
Chr20,9720000,9730000
Chr20,9730000,9740000
Chr20,9760000,9770000
Chr20,9770000,9780000
Chr20,9790000,9800000
Chr20,9840000,9850000
Chr20,9870000,9880000
Chr20,9890000,9900000
Chr20,9910000,9920000
Chr20,9920000,9930000
Chr20,9930000,9940000
Chr20,9940000,9950000
Chr20,10000000,10010000
Chr20,10040000,10050000
Chr20,10280000,10290000
Chr20,10520000,10530000
Chr20,10610000,10620000
Chr20,11250000,11260000
Chr20,11340000,11350000
Chr20,11350000,11360000
Chr20,11360000,11370000
Chr20,11370000,11380000
Chr20,11380000,11390000
Chr20,11390000,11400000
Chr20,11400000,11410000
Chr20,11410000,11420000
Chr20,11440000,11450000
Chr20,11540000,11550000
Chr20,11550000,11560000
Chr20,11810000,11820000
Chr20,12140000,12150000
Chr20,13260000,13270000
Chr20,13270000,13280000
Chr20,13280000,13290000
Chr20,13390000,13400000
Chr20,13400000,13410000
Chr20,14120000,14130000
Chr20,14130000,14140000
Chr20,14140000,14150000
Chr20,15420000,15430000
Chr20,15430000,15440000
Chr20,15450000,15460000
Chr20,15570000,15580000
Chr20,15830000,15840000
Chr20,16440000,16450000
Chr20,16660000,16670000
Chr20,17300000,17310000
Chr20,17800000,17810000
Chr20,17840000,17850000
Chr20,18060000,18070000
Chr20,18210000,18220000
Chr20,18370000,18380000
Chr20,18380000,18390000
Chr20,18390000,18400000
Chr20,18400000,18410000
Chr20,18420000,18430000
Chr20,18430000,18440000
Chr20,18440000,18450000
Chr20,18460000,18470000
Chr20,19020000,19030000
Chr20,19220000,19230000
Chr20,19670000,19680000
Chr20,19700000,19710000
Chr20,20110000,20120000
Chr20,20160000,20170000
Chr20,20170000,20180000
Chr20,20290000,20300000
Chr20,20310000,20320000
Chr20,20320000,20330000
Chr20,20350000,20360000
Chr20,20370000,20380000
Chr20,20540000,20550000
Chr20,20600000,20610000
Chr20,20680000,20690000
Chr20,20860000,20870000
Chr20,22620000,22630000
Chr20,23200000,23210000
Chr20,23390000,23400000
Chr20,23400000,23410000
Chr20,23470000,23480000
Chr20,24100000,24110000
Chr20,26120000,26130000
Chr20,26140000,26150000
Chr20,26150000,26160000
Chr20,26160000,26170000
Chr20,26170000,26180000
Chr20,26180000,26190000
Chr20,26190000,26200000
Chr20,26200000,26210000
Chr20,26210000,26220000
Chr20,26230000,26240000
Chr20,26290000,26300000
Chr20,26930000,26940000
Chr20,26940000,26950000
Chr20,27050000,27060000
Chr20,27180000,27190000
Chr20,27240000,27250000
Chr20,27770000,27780000
Chr20,28350000,28360000
Chr21,2310000,2320000
Chr21,2990000,3000000
Chr21,3490000,3500000
Chr21,4350000,4360000
Chr21,4730000,4740000
Chr21,4740000,4750000
Chr21,4760000,4770000
Chr21,4770000,4780000
Chr21,4780000,4790000
Chr21,4790000,4800000
Chr21,4800000,4810000
Chr21,4810000,4820000
Chr21,4820000,4830000
Chr21,4830000,4840000
Chr21,4840000,4850000
Chr21,4850000,4860000
Chr21,4860000,4870000
Chr21,4870000,4880000
Chr21,4880000,4890000
Chr21,4900000,4910000
Chr21,4910000,4920000
Chr21,4930000,4940000
Chr21,4950000,4960000
Chr21,4970000,4980000
Chr21,4980000,4990000
Chr21,4990000,5000000
Chr21,5000000,5010000
Chr21,5010000,5020000
Chr21,5220000,5230000
Chr21,6330000,6340000
Chr21,6340000,6350000
Chr21,6350000,6360000
Chr21,6990000,7000000
Chr21,8080000,8090000
Chr21,8260000,8270000
Chr21,9000000,9010000
Chr21,9430000,9440000
Chr21,9860000,9870000
Chr21,9870000,9880000
Chr21,9880000,9890000
Chr21,9940000,9950000
Chr21,11210000,11220000
Chr21,11430000,11440000
Chr21,11450000,11460000
Chr21,11460000,11470000
Chr21,11480000,11490000
Chr21,11540000,11550000
Chr21,13460000,13470000
Chr21,13470000,13480000
Chr21,13490000,13500000
Chr21,13580000,13590000
Chr21,13710000,13720000
Chr21,13900000,13910000
Chr21,13910000,13920000
Chr21,13920000,13930000
Chr21,13930000,13940000
Chr21,13940000,13950000
Chr21,13950000,13960000
Chr21,13960000,13970000
Chr21,13970000,13980000
Chr21,13980000,13990000
Chr21,13990000,14000000
Chr21,14000000,14010000
Chr21,14010000,14020000
Chr21,14020000,14030000
Chr21,14100000,14110000
Chr21,15040000,15050000
Chr21,15890000,15900000
Chr21,16180000,16190000
Chr21,16350000,16360000
Chr21,16590000,16600000
Chr21,16600000,16610000
Chr21,16610000,16620000
Chr21,16620000,16630000
Chr21,16630000,16640000
Chr21,16640000,16650000
Chr21,16650000,16660000
Chr21,16660000,16670000
Chr21,16670000,16680000
Chr21,16680000,16690000
Chr21,16690000,16700000
Chr21,16700000,16710000
Chr21,16710000,16720000
Chr21,16720000,16730000
Chr21,16730000,16740000
Chr21,17750000,17760000
Chr21,17800000,17810000
Chr21,17850000,17860000
Chr21,18100000,18110000
Chr21,18320000,18330000
Chr21,18340000,18350000
Chr21,18350000,18360000
Chr21,18650000,18660000
Chr21,19370000,19380000
Chr21,19430000,19440000
Chr21,19440000,19450000
Chr21,19450000,19460000
Chr21,19470000,19480000
Chr21,19480000,19490000
Chr21,19490000,19500000
Chr21,19840000,19850000
Chr21,19850000,19860000
Chr21,20570000,20580000
Chr21,20830000,20840000
Chr21,22880000,22890000
Chr21,23060000,23070000
Chr21,23500000,23510000
Chr21,23510000,23520000
Chr21,24220000,24230000
Chr21,24230000,24240000
Chr21,24250000,24260000
Chr21,24660000,24670000
Chr21,24670000,24680000
Chr21,24680000,24690000
Chr21,24690000,24700000
Chr21,24700000,24710000
Chr21,24710000,24720000
Chr21,24720000,24730000
Chr21,24730000,24740000
Chr21,24740000,24750000
Chr21,24760000,24770000
Chr21,24770000,24780000
Chr21,24780000,24790000
Chr21,24840000,24850000
Chr21,24880000,24890000
Chr21,24890000,24900000
Chr21,24900000,24910000
Chr21,24910000,24920000
Chr21,24990000,25000000
Chr21,25810000,25820000
Chr21,26360000,26370000
Chr21,26370000,26380000
Chr21,26410000,26420000
Chr21,26450000,26460000
Chr21,26460000,26470000
Chr21,27670000,27680000
Chr21,27760000,27770000
Chr22,70000,80000
Chr22,1860000,1870000
Chr22,2240000,2250000
Chr22,2260000,2270000
Chr22,2270000,2280000
Chr22,2330000,2340000
Chr22,2360000,2370000
Chr22,2910000,2920000
Chr22,2920000,2930000
Chr22,2950000,2960000
Chr22,2960000,2970000
Chr22,2970000,2980000
Chr22,4250000,4260000
Chr22,4400000,4410000
Chr22,4430000,4440000
Chr22,4440000,4450000
Chr22,4450000,4460000
Chr22,6270000,6280000
Chr22,6280000,6290000
Chr22,6290000,6300000
Chr22,6310000,6320000
Chr22,6320000,6330000
Chr22,6440000,6450000
Chr22,6450000,6460000
Chr22,6460000,6470000
Chr22,6470000,6480000
Chr22,6480000,6490000
Chr22,6490000,6500000
Chr22,6500000,6510000
Chr22,6520000,6530000
Chr22,6530000,6540000
Chr22,6540000,6550000
Chr22,6560000,6570000
Chr22,6580000,6590000
Chr22,6640000,6650000
Chr22,6650000,6660000
Chr22,6670000,6680000
Chr22,6680000,6690000
Chr22,6690000,6700000
Chr22,6700000,6710000
Chr22,6770000,6780000
Chr22,6780000,6790000
Chr22,7060000,7070000
Chr22,7180000,7190000
Chr22,7300000,7310000
Chr22,7310000,7320000
Chr22,7330000,7340000
Chr22,7360000,7370000
Chr22,7370000,7380000
Chr22,7400000,7410000
Chr22,7450000,7460000
Chr22,7490000,7500000
Chr22,7500000,7510000
Chr22,7880000,7890000
Chr22,7910000,7920000
Chr22,7920000,7930000
Chr22,7930000,7940000
Chr22,7940000,7950000
Chr22,7950000,7960000
Chr22,7960000,7970000
Chr22,8770000,8780000
Chr22,8880000,8890000
Chr22,9580000,9590000
Chr22,10850000,10860000
Chr22,10860000,10870000
Chr22,10870000,10880000
Chr22,10880000,10890000
Chr22,11810000,11820000
Chr22,11870000,11880000
Chr22,11960000,11970000
Chr22,12110000,12120000
Chr22,12180000,12190000
Chr22,12190000,12200000
Chr22,12200000,12210000
Chr22,12210000,12220000
Chr22,12220000,12230000
Chr22,12230000,12240000
Chr22,12240000,12250000
Chr22,12250000,12260000
Chr22,12300000,12310000
Chr22,13010000,13020000
Chr22,13270000,13280000
Chr22,13460000,13470000
Chr22,13660000,13670000
Chr22,13770000,13780000
Chr22,14230000,14240000
Chr22,14280000,14290000
Chr22,14290000,14300000
Chr22,15060000,15070000
Chr22,16400000,16410000
Chr22,16500000,16510000
Chr22,16900000,16910000
Chr22,16940000,16950000
Chr22,16950000,16960000
Chr22,17260000,17270000
Chr22,19220000,19230000
Chr22,19600000,19610000
Chr22,19780000,19790000
Chr22,20000000,20010000
Chr22,20010000,20020000
Chr22,20020000,20030000
Chr22,20090000,20100000
Chr22,20130000,20140000
Chr22,20140000,20150000
Chr22,20150000,20160000
Chr22,20160000,20170000
Chr22,20170000,20180000
Chr22,20180000,20190000
Chr22,20190000,20200000
Chr22,20200000,20210000
Chr22,20210000,20220000
Chr22,20220000,20230000
Chr22,20230000,20240000
Chr22,20240000,20250000
Chr22,20300000,20310000
Chr22,20320000,20330000
Chr22,20350000,20360000
Chr22,20410000,20420000
Chr22,20440000,20450000
Chr22,20450000,20460000
Chr22,20470000,20480000
Chr22,20480000,20490000
Chr22,20490000,20500000
Chr22,20520000,20530000
Chr22,20530000,20540000
Chr22,20540000,20550000
Chr22,20550000,20560000
Chr22,20560000,20570000
Chr22,20570000,20580000
Chr22,20580000,20590000
Chr22,20590000,20600000
Chr22,20600000,20610000
Chr22,20610000,20620000
Chr22,20630000,20640000
Chr22,20690000,20700000
Chr22,20750000,20760000
Chr22,20790000,20800000
Chr22,20810000,20820000
Chr22,20820000,20830000
Chr22,21320000,21330000
Chr22,21770000,21780000
Chr22,21900000,21910000
Chr22,21940000,21950000
Chr22,21950000,21960000
Chr22,21960000,21970000
Chr22,22270000,22280000
Chr22,24930000,24940000
Chr22,24940000,24950000
Chr22,24960000,24970000
Chr22,24970000,24980000
Chr22,25060000,25070000
Chr22,25180000,25190000
Chr22,25280000,25290000
Chr22,25290000,25300000
Chr22,25310000,25320000
Chr22,25410000,25420000
Chr22,25580000,25590000
Chr22,25780000,25790000
Chr22,25790000,25800000
Chr22,25800000,25810000
Chr22,25810000,25820000
Chr22,25820000,25830000
Chr22,25840000,25850000
Chr22,25990000,26000000
Chr22,26050000,26060000
Chr23,240000,250000
Chr23,2490000,2500000
Chr23,2920000,2930000
Chr23,3450000,3460000
Chr23,3970000,3980000
Chr23,3980000,3990000
Chr23,3990000,4000000
Chr23,4000000,4010000
Chr23,4200000,4210000
Chr23,7180000,7190000
Chr23,7190000,7200000
Chr23,7280000,7290000
Chr23,7380000,7390000
Chr23,7400000,7410000
Chr23,7420000,7430000
Chr23,7470000,7480000
Chr23,7500000,7510000
Chr23,8940000,8950000
Chr23,9030000,9040000
Chr23,10150000,10160000
Chr23,10170000,10180000
Chr23,10180000,10190000
Chr23,10460000,10470000
Chr23,10470000,10480000
Chr23,10480000,10490000
Chr23,10490000,10500000
Chr23,11730000,11740000
Chr23,11830000,11840000
Chr23,12180000,12190000
Chr23,12830000,12840000
Chr23,12920000,12930000
Chr23,13030000,13040000
Chr23,13090000,13100000
Chr23,13120000,13130000
Chr23,13170000,13180000
Chr23,13200000,13210000
Chr23,13220000,13230000
Chr23,13230000,13240000
Chr23,13240000,13250000
Chr23,13270000,13280000
Chr23,13290000,13300000
Chr23,13300000,13310000
Chr23,13310000,13320000
Chr23,13350000,13360000
Chr23,13360000,13370000
Chr23,13370000,13380000
Chr23,13380000,13390000
Chr23,13390000,13400000
Chr23,13400000,13410000
Chr23,13460000,13470000
Chr23,13470000,13480000
Chr23,13490000,13500000
Chr23,14330000,14340000
Chr23,14350000,14360000
Chr23,14360000,14370000
Chr23,14370000,14380000
Chr23,14380000,14390000
Chr23,14400000,14410000
Chr23,14410000,14420000
Chr23,14420000,14430000
Chr23,14430000,14440000
Chr23,14470000,14480000
Chr23,14500000,14510000
Chr23,14550000,14560000
Chr23,14560000,14570000
Chr23,14570000,14580000
Chr23,14580000,14590000
Chr23,14590000,14600000
Chr23,15760000,15770000
Chr23,15770000,15780000
Chr23,17460000,17470000
Chr23,19370000,19380000
Chr23,20600000,20610000
Chr23,22910000,22920000
Chr23,23820000,23830000
Chr23,23830000,23840000
Chr23,23840000,23850000
Chr23,24730000,24740000
